"","Out-of-pocket expenditure (OOP) per capita in US$","Out-of-pocket expenditure (OOP) per capita in US$","Out-of-pocket expenditure (OOP) per capita in US$","Out-of-pocket expenditure (OOP) per capita in US$","Out-of-pocket expenditure (OOP) per capita in US$","Out-of-pocket expenditure (OOP) per capita in US$","Out-of-pocket expenditure (OOP) per capita in US$","Out-of-pocket expenditure (OOP) per capita in US$","Out-of-pocket expenditure (OOP) per capita in US$","Out-of-pocket expenditure (OOP) per capita in US$","Out-of-pocket expenditure (OOP) per capita in US$","Out-of-pocket expenditure (OOP) per capita in US$","Out-of-pocket expenditure (OOP) per capita in US$","Out-of-pocket expenditure (OOP) per capita in US$","Out-of-pocket expenditure (OOP) per capita in US$","Out-of-pocket expenditure (OOP) per capita in US$","Out-of-pocket expenditure (OOP) per capita in US$","Out-of-pocket expenditure (OOP) per capita in US$","Out-of-pocket expenditure (OOP) per capita in US$","Out-of-pocket expenditure (OOP) per capita in US$","Out-of-pocket expenditure (OOP) per capita in US$","Out-of-pocket expenditure (OOP) per capita in US$"
"Countries, territories and areas"," 2021"," 2020"," 2019"," 2018"," 2017"," 2016"," 2015"," 2014"," 2013"," 2012"," 2011"," 2010"," 2009"," 2008"," 2007"," 2006"," 2005"," 2004"," 2003"," 2002"," 2001"," 2000"
"Afghanistan","62.79","60.07","57.03","54.37","50.50","46.71","47.08","43.97","40.57","39.19","38.36","36.80","31.48","30.14","25.58","22.22","19.83","18.11","15.33","14.52","",""
"Albania","277.47","235.73","207.46","198.19","170.09","156.58","146.42","174.66","160.51","152.68","164.43","153.11","135.37","135.19","105.03","81.82","75.02","66.77","53.06","40.17","36.25","33.76"
"Algeria","78.82","76.93","83.69","84.13","84.48","80.96","82.63","96.28","91.83","86.58","80.36","66.45","57.35","54.35","42.63","34.20","28.46","24.27","16.12","15.08","14.59","16.02"
"Andorra","411.54","364.56","385.66","390.43","347.30","346.15","352.45","394.57","405.58","411.03","461.88","430.48","435.54","474.67","448.10","382.75","353.58","337.06","284.64","223.67","207.89","198.21"
"Angola","15.02","15.26","21.37","30.43","38.51","33.13","36.09","35.14","30.51","21.46","21.94","18.70","18.62","29.37","26.35","21.40","22.95","23.34","16.92","14.43","13.04","3.55"
"Antigua and Barbuda","176.90","192.36","194.50","201.07","208.69","223.60","184.63","208.42","196.84","201.70","184.02","177.95","153.41","220.56","231.45","200.91","173.07","144.91","142.13","126.87","129.91","115.37"
"Argentina","233.68","194.74","243.30","305.64","318.20","339.84","395.48","346.31","379.52","355.31","323.41","262.48","204.72","224.82","178.11","147.03","129.23","85.71","73.73","66.78","197.88","205.17"
"Armenia","481.99","429.36","465.92","370.34","353.30","295.35","302.79","337.25","327.95","261.57","254.60","225.32","181.38","185.41","98.10","75.49","59.33","50.57","49.94","43.84","15.98","15.70"
"Australia","975.40","888.61","817.13","951.47","965.31","924.25","915.65","1094.22","1140.99","1210.34","1132.93","982.62","764.39","782.04","725.01","630.80","592.06","530.60","429.05","351.33","318.81","343.62"
"Austria","1026.41","926.66","942.95","983.40","945.94","906.34","880.64","1030.08","1003.68","927.37","968.43","893.03","889.75","922.73","842.28","730.24","711.78","693.84","583.88","464.93","421.42","404.41"
"Azerbaijan","164.47","140.38","140.45","130.65","118.77","117.55","161.49","187.13","164.83","146.05","113.66","91.36","77.76","62.86","39.05","27.90","20.24","17.84","16.19","14.72","13.31","13.02"
"Bahamas","479.80","397.18","506.29","525.21","504.49","474.75","473.74","450.61","427.98","429.02","396.68","392.34","377.31","392.31","383.48","364.76","346.24","316.11","301.72","292.03","279.58","257.42"
"Bahrain","264.32","290.11","307.11","314.76","351.54","311.07","293.75","293.75","299.12","276.31","241.48","231.72","223.67","207.06","208.07","158.14","158.51","169.33","178.74","127.11","117.44","117.02"
"Bangladesh","42.29","37.49","34.34","31.63","29.63","28.28","24.37","21.44","19.08","16.32","15.88","14.37","12.37","10.85","9.57","8.13","7.60","7.01","6.50","5.90","5.54","5.33"
"Barbados","545.02","531.68","547.44","538.62","540.36","533.99","514.50","514.47","505.15","501.22","492.10","425.37","423.39","403.03","384.17","363.27","336.50","315.21","288.14","249.57","242.04","242.70"
"Belarus","102.51","101.07","100.26","87.08","87.85","77.62","127.79","152.86","150.00","109.38","104.17","97.03","86.89","101.37","69.95","52.61","41.58","26.39","21.31","19.28","14.81","8.90"
"Belgium","1014.51","887.96","1000.32","957.83","880.12","839.16","845.21","992.60","978.28","915.39","966.35","893.69","912.48","926.29","835.91","716.51","681.45","660.64","584.03","435.10","368.25","374.19"
"Belize","70.59","59.57","68.96","67.29","66.34","67.29","67.63","67.85","66.51","62.18","60.43","59.75","58.92","62.18","60.79","58.92","59.79","60.35","60.25","58.89","55.82","52.41"
"Benin","17.08","15.75","14.95","15.70","14.84","14.34","14.61","15.66","14.83","14.21","14.67","13.22","13.07","12.82","13.40","12.57","12.09","12.31","11.25","9.04","8.24","8.17"
"Bhutan","22.64","20.62","20.52","13.39","13.76","19.56","19.11","18.38","17.47","17.15","12.64","11.87","9.85","8.87","9.24","7.99","7.84","7.49","7.10","3.71","2.85","3.59"
"Bolivia (Plurinational State of)","62.07","51.45","57.38","50.68","53.39","57.70","53.27","55.07","54.10","46.26","38.76","33.27","26.87","23.61","19.52","18.05","16.53","15.09","14.85","14.75","14.85","14.39"
"Bosnia and Herzegovina","212.40","170.71","159.67","154.71","136.79","128.59","123.89","142.36","137.84","129.83","134.61","122.16","125.38","201.90","161.31","126.72","109.28","94.87","54.82","45.71","43.47","44.75"
"Botswana","19.68","17.77","18.38","21.43","13.31","12.23","12.82","14.96","15.83","17.21","19.01","18.91","17.73","18.34","20.09","20.80","23.25","24.80","22.97","17.52","18.65","21.45"
"Brazil","172.44","160.53","211.59","214.31","229.35","194.37","193.34","285.63","275.52","283.08","301.22","262.64","224.54","217.77","198.78","166.33","137.60","104.11","88.79","89.44","101.57","113.66"
"Brunei Darussalam","46.78","38.75","37.73","36.62","34.63","33.96","36.43","57.62","78.49","76.75","72.86","65.14","69.26","78.65","88.94","95.51","105.08","104.42","91.08","77.51","77.95","80.33"
"Bulgaria","364.78","313.42","271.99","279.53","270.80","243.24","221.65","243.56","229.18","266.74","247.16","209.13","203.78","194.19","153.86","125.43","104.06","91.39","74.50","58.95","52.37","38.16"
"Burkina Faso","19.73","18.77","14.25","13.98","13.64","12.44","11.69","13.08","14.22","10.94","11.12","9.92","9.65","8.95","7.41","6.37","5.38","5.20","3.82","3.26","3.21","3.11"
"Burundi","6.16","5.54","5.10","5.23","5.73","5.44","5.68","5.76","4.35","4.61","6.07","7.08","6.67","6.47","6.45","5.76","4.48","3.52","3.03","3.31","3.50","3.56"
"Cote d'Ivoire","26.48","27.25","27.44","27.88","26.91","26.57","26.63","40.56","40.17","39.33","42.90","42.12","43.42","45.05","40.97","40.81","43.83","47.37","46.47","41.82","40.22","39.57"
"Cabo Verde","45.90","40.90","46.55","46.68","44.99","41.42","38.68","46.63","43.96","41.15","39.43","40.12","30.97","30.70","28.78","26.48","23.26","21.94","20.18","16.05","14.65","14.88"
"Cambodia","67.25","69.63","73.72","56.71","46.10","45.89","41.58","43.14","44.15","41.73","39.46","28.08","28.14","25.03","15.07","17.29","19.80","16.32","15.58","14.94","14.10","13.58"
"Cameroon","42.68","39.68","40.56","41.70","38.00","35.85","35.19","39.87","39.47","37.67","40.20","37.63","38.85","40.09","36.46","32.73","31.67","30.85","27.25","22.05","20.13","22.32"
"Canada","907.33","780.87","790.73","792.26","780.07","729.97","689.22","771.36","800.17","832.61","824.16","795.49","665.15","695.43","658.39","601.32","505.80","445.83","389.26","341.93","327.40","332.38"
"Central African Republic","21.02","19.92","20.56","20.49","15.60","11.18","8.64","8.38","7.60","11.97","11.09","9.76","10.76","10.94","9.59","8.43","7.81","7.53","6.69","5.26","4.96","4.64"
"Chad","20.95","21.63","19.93","20.80","18.60","18.26","19.87","24.34","23.44","22.28","23.51","24.67","23.42","26.26","22.84","22.27","18.15","14.61","8.82","12.03","6.99","5.84"
"Chile","459.45","375.49","449.19","484.50","455.52","409.97","391.09","394.11","398.15","361.29","343.15","300.11","255.36","272.02","254.69","233.05","212.73","178.86","149.58","137.17","139.34","152.74"
"China","230.62","202.98","190.11","180.47","158.83","143.19","138.17","132.73","125.84","111.94","96.54","77.25","71.83","63.57","50.72","46.36","42.28","37.93","34.48","31.52","28.61","25.85"
"Colombia","76.21","67.05","73.80","78.25","76.09","69.80","72.17","95.53","99.47","97.55","76.78","76.86","69.09","78.97","59.50","42.98","34.33","21.90","11.13","15.14","18.49","18.38"
"Comoros","55.03","54.68","48.10","50.05","47.58","45.00","45.64","55.21","55.39","52.18","51.85","55.59","58.40","61.48","57.17","52.26","51.66","51.52","46.71","38.94","36.82","37.89"
"Congo","19.38","20.36","24.84","23.96","24.02","24.20","18.72","22.29","22.16","21.32","24.59","23.13","24.65","24.14","20.76","17.61","16.17","15.39","13.30","10.50","9.35","9.19"
"Cook Islands","17.54","15.31","18.06","19.88","18.85","16.73","18.24","21.83","21.40","23.58","25.96","22.74","21.47","37.59","36.95","41.34","37.21","41.38","34.12","22.93","18.58","18.65"
"Costa Rica","196.83","193.35","204.24","202.25","181.47","193.33","197.82","200.90","189.73","190.25","191.35","166.06","139.83","150.80","130.96","111.81","101.44","93.02","88.41","84.78","80.72","78.21"
"Croatia","130.09","114.37","119.24","116.68","98.99","92.28","87.07","102.53","78.59","118.16","136.49","157.21","163.25","182.71","129.03","108.65","97.37","115.00","85.24","72.00","55.88","51.43"
"Cuba","","105.81","109.92","108.74","104.88","101.23","94.82","83.29","87.22","78.97","75.28","55.91","54.77","53.92","55.79","55.26","49.28","45.57","46.28","41.46","37.15","29.40"
"Cyprus","296.66","419.74","705.92","896.42","793.75","735.75","696.34","845.33","816.34","804.80","874.94","881.64","1051.13","1107.80","826.76","712.37","680.72","641.97","545.67","469.92","431.88","419.55"
"Czechia","317.97","244.31","254.09","248.72","221.88","205.30","195.33","220.81","220.39","219.59","239.72","215.73","217.07","233.82","151.33","109.72","94.58","79.89","66.42","49.78","41.35","34.97"
"Democratic Republic of the Congo","8.73","8.44","7.64","7.44","7.52","7.42","7.16","7.27","6.26","5.49","4.77","4.65","5.99","7.90","7.65","7.38","6.16","5.87","4.27","3.10","4.09","9.83"
"Denmark","929.99","833.19","835.78","861.62","798.89","760.49","744.51","862.64","845.49","833.56","894.77","845.95","851.41","866.52","796.30","694.20","653.49","623.83","525.08","426.51","393.41","383.30"
"Djibouti","17.82","16.70","19.46","18.77","17.15","16.18","15.35","15.06","14.77","15.08","15.19","14.92","15.33","15.77","16.83","16.77","16.09","15.69","16.05","16.29","16.27","15.86"
"Dominica","114.66","118.54","149.83","149.78","115.55","135.77","135.72","141.08","136.88","145.00","143.04","143.68","149.72","149.17","126.14","108.40","105.62","103.30","97.44","94.76","95.45","85.75"
"Dominican Republic","98.36","87.28","96.82","94.83","95.52","97.01","96.86","97.34","97.71","102.01","104.14","98.87","92.77","95.84","88.31","89.21","91.57","65.89","64.93","82.24","78.58","76.89"
"Ecuador","151.34","149.70","149.84","149.96","152.91","147.47","167.28","143.39","157.69","167.04","157.79","135.54","126.78","126.17","106.41","116.14","105.95","91.62","82.32","61.21","43.59","30.73"
"Egypt","98.65","89.51","90.83","75.27","60.90","85.71","103.16","87.21","82.61","86.92","71.81","67.27","61.17","57.08","45.32","41.10","39.39","33.31","33.75","41.82","44.91","44.39"
"El Salvador","118.24","97.20","142.03","129.77","125.17","116.49","116.03","114.43","120.35","116.63","111.91","101.58","98.15","105.79","99.37","89.32","98.61","82.58","78.04","74.51","73.01","70.36"
"Equatorial Guinea","197.99","185.06","177.07","181.42","169.89","164.98","163.90","200.72","195.91","162.40","163.33","150.04","142.98","137.50","116.25","96.41","90.99","83.46","70.72","65.32","16.76","10.79"
"Eritrea","12.55","11.57","11.64","11.74","10.02","13.75","11.29","16.49","14.39","13.63","12.12","11.84","10.45","6.58","8.11","7.69","7.26","7.65","7.25","6.82","7.83","8.40"
"Estonia","466.09","385.97","384.83","383.15","336.09","291.68","274.78","303.28","282.50","239.31","239.64","221.06","214.10","231.88","199.48","148.47","126.91","109.04","77.98","51.50","41.32","42.71"
"Eswatini","29.19","24.73","27.43","29.50","28.03","24.11","26.70","30.07","32.28","36.13","38.72","36.25","29.43","28.22","30.80","29.64","28.97","25.94","19.94","12.71","13.60","14.40"
"Ethiopia","9.80","9.49","9.95","8.46","8.43","8.74","8.65","8.43","8.28","8.55","6.90","6.94","6.38","5.09","4.36","3.31","2.06","2.02","1.99","1.94","1.92","1.91"
"Fiji","44.63","43.59","48.61","44.90","28.95","36.34","35.69","35.56","35.85","38.23","35.86","28.72","29.96","22.37","22.05","18.28","14.65","14.39","11.17","8.63","8.18","8.13"
"Finland","883.62","779.90","777.13","833.34","806.78","791.91","769.08","868.23","870.54","798.59","856.34","799.47","796.79","833.25","744.48","642.58","633.65","604.55","531.58","427.19","384.15","373.44"
"France","480.23","420.30","425.81","443.36","427.53","409.67","409.18","496.24","489.25","470.03","505.02","470.03","481.66","482.17","410.89","356.72","263.44","250.62","221.76","174.86","160.85","157.24"
"Gabon","50.92","45.44","48.09","48.82","48.80","47.11","48.81","65.94","75.14","63.38","72.87","53.04","143.46","141.32","128.45","108.81","99.26","91.23","83.70","71.61","61.57","65.61"
"Gambia","5.02","4.56","4.62","5.13","5.65","6.24","4.55","4.60","5.30","5.70","5.93","5.92","5.86","6.57","5.41","4.37","3.84","3.18","3.34","4.77","4.86","6.08"
"Georgia","130.14","127.92","144.31","158.20","166.45","178.26","168.73","243.54","247.23","256.12","239.56","210.58","189.28","190.53","150.63","119.36","106.96","84.89","64.96","51.81","43.76","42.95"
"Germany","805.81","736.57","737.51","725.77","654.92","614.86","605.26","690.59","679.47","675.42","705.59","643.89","649.64","659.32","602.95","536.57","502.43","485.21","404.83","322.87","288.27","288.14"
"Ghana","27.25","24.64","26.31","27.72","27.15","24.37","27.83","35.16","40.75","31.98","34.56","19.76","19.19","22.92","21.06","17.84","14.76","12.30","11.87","10.71","8.99","8.56"
"Greece","615.19","560.13","527.86","578.39","528.35","519.17","533.82","632.58","618.12","593.22","728.77","724.66","828.76","914.88","830.52","739.96","713.63","694.56","593.66","436.91","349.46","321.16"
"Grenada","271.28","253.55","265.36","241.01","238.89","218.95","210.19","191.38","223.47","220.07","213.43","207.28","201.97","218.32","196.93","169.97","157.68","138.66","154.29","157.21","152.17","153.82"
"Guatemala","207.92","162.75","155.96","152.81","143.55","137.97","130.07","120.44","108.33","116.84","112.29","103.04","96.12","103.40","97.60","91.38","82.45","73.08","69.62","66.61","62.12","49.17"
"Guinea","23.89","23.79","25.27","23.70","21.33","19.37","21.69","21.64","16.23","14.97","14.65","15.85","17.40","16.50","16.36","11.58","13.95","18.57","16.19","14.92","13.96","15.01"
"Guinea-Bissau","41.27","38.40","37.53","39.38","37.45","36.51","35.06","35.96","29.60","22.16","16.01","14.04","14.25","16.32","12.30","11.71","11.15","9.95","8.48","8.07","8.60","8.09"
"Guyana","135.17","91.39","111.24","100.84","77.49","71.04","76.88","78.00","80.48","78.77","64.96","56.63","49.40","49.03","41.52","34.73","30.02","27.82","26.32","26.33","25.55","25.30"
"Haiti","25.20","20.72","19.16","24.10","24.33","21.11","23.18","20.12","21.44","21.27","20.04","18.49","16.19","15.53","15.01","12.47","11.56","11.11","8.89","10.71","12.30","13.38"
"Honduras","131.29","106.44","96.56","92.63","83.70","88.07","85.58","83.40","86.21","90.96","82.70","75.66","71.20","75.79","62.80","55.27","47.47","41.22","38.05","36.25","34.85","31.09"
"Hungary","340.44","306.67","292.95","289.44","268.43","253.13","239.29","285.36","281.19","282.55","300.35","269.82","247.90","301.10","271.02","223.72","230.98","206.58","180.24","130.41","103.83","85.68"
"Iceland","983.75","846.44","911.78","993.50","977.92","846.04","753.25","806.87","742.76","698.13","723.58","674.05","611.01","772.35","955.29","832.92","892.86","781.00","667.18","526.86","456.92","514.14"
"India","36.88","31.66","31.70","30.72","31.36","37.90","37.73","37.91","38.45","30.63","30.07","29.27","25.45","26.06","25.25","21.24","20.12","18.06","16.07","14.78","14.62","13.23"
"Indonesia","44.16","42.24","41.91","39.89","40.81","41.42","41.82","46.63","52.62","57.32","60.74","52.32","31.00","29.52","28.00","23.92","19.04","12.03","11.84","8.88","6.89","7.02"
"Iran (Islamic Republic of)","135.48","126.17","147.18","172.02","187.73","185.11","169.88","158.35","208.52","282.20","298.44","259.05","204.18","165.05","130.38","102.23","97.49","80.41","63.21","57.87","55.87","48.25"
"Iraq","124.23","134.18","120.02","116.41","113.67","87.93","112.99","110.43","108.79","106.93","40.25","37.36","31.10","29.44","29.44","18.31","15.25","14.68","14.57","","",""
"Ireland","722.98","666.58","662.77","652.74","631.72","618.74","616.26","747.86","745.64","713.11","758.73","708.19","698.90","668.93","562.21","577.68","533.74","425.60","382.74","230.31","194.17","189.61"
"Israel","859.06","731.78","716.39","703.08","693.99","639.31","598.68","647.99","607.40","564.18","581.15","533.49","517.60","539.52","472.63","400.86","457.36","414.55","397.92","379.21","459.43","433.98"
"Italy","733.37","657.09","682.86","707.18","668.88","629.67","627.89","710.97","699.96","681.59","747.16","661.20","689.70","747.75","665.40","603.86","578.51","585.80","513.05","425.22","388.36","403.38"
"Jamaica","48.72","47.85","56.40","56.02","54.32","51.35","54.18","55.21","49.64","57.01","60.74","60.14","52.62","85.62","78.55","54.01","55.65","50.57","51.90","47.10","69.38","57.66"
"Japan","522.90","529.61","575.84","557.21","524.97","539.85","486.17","530.43","553.48","679.16","670.12","593.65","560.70","491.47","431.82","454.17","453.78","479.08","448.13","386.01","393.45","438.69"
"Jordan","112.01","106.79","105.92","102.25","98.45","92.02","89.06","64.09","71.02","74.02","70.72","69.90","75.82","92.63","79.09","78.23","78.74","75.72","72.40","69.24","66.11","63.04"
"Kazakhstan","100.87","93.86","91.44","91.24","92.14","92.70","100.88","89.11","94.29","102.76","73.11","66.50","56.36","61.49","58.03","54.07","48.99","45.44","33.17","26.65","21.49","24.23"
"Kenya","21.56","20.08","20.91","17.68","15.55","18.57","19.18","21.39","21.81","20.45","17.71","17.78","17.42","18.54","18.02","15.79","14.00","12.27","11.57","9.90","10.20","10.02"
"Kiribati","1.75","1.63","1.12","1.22","1.27","1.25","1.29","0.78","0.85","0.93","0.94","0.85","0.74","0.00","0.00","0.00","0.16","0.13","0.12","0.10","0.09","0.10"
"Kuwait","173.19","148.83","176.20","176.85","175.99","169.83","169.22","175.63","172.13","178.89","160.21","150.55","171.53","211.89","188.08","166.23","156.26","140.24","130.93","125.36","109.69","109.51"
"Kyrgyzstan","29.62","29.24","29.12","31.04","43.88","41.53","44.02","53.23","48.74","43.16","34.54","26.18","23.06","30.54","21.36","17.59","15.02","12.45","11.26","7.58","6.97","6.33"
"Lao People's Democratic Republic","21.31","21.42","28.37","27.84","28.48","25.32","23.66","23.21","21.22","15.81","14.29","12.44","9.62","8.41","8.66","7.92","7.60","7.69","9.65","6.42","6.36","6.32"
"Latvia","512.31","421.45","416.78","433.35","391.71","380.03","314.51","335.05","310.51","281.98","262.23","256.24","288.80","340.80","285.49","196.61","183.78","159.80","136.22","112.91","100.15","86.53"
"Lebanon","106.62","158.36","240.23","262.85","223.98","207.06","189.20","205.13","215.62","222.28","260.08","249.49","223.30","208.93","194.77","180.59","165.40","180.85","196.86","212.80","229.12","246.51"
"Lesotho","16.12","15.62","16.80","18.86","18.10","14.32","16.22","17.08","18.15","20.97","21.87","19.88","15.71","14.99","15.59","14.68","14.15","12.88","10.35","6.98","8.02","9.44"
"Liberia","27.71","26.60","28.32","31.50","33.48","31.98","31.97","29.32","19.20","22.94","25.77","27.05","25.99","9.25","6.75","12.90","14.27","13.71","3.66","3.93","4.12","6.14"
"Libya","","","","","","","","","","","114.72","114.18","106.54","100.82","90.28","80.12","74.45","69.31","64.93","61.28","119.27","130.44"
"Lithuania","560.51","435.76","442.10","393.64","353.04","319.46","292.97","321.61","314.73","285.23","261.18","222.17","231.90","263.85","200.05","170.76","143.88","120.80","81.94","65.12","60.36","58.97"
"Luxembourg","682.10","571.15","598.59","652.23","610.91","589.92","582.98","727.27","713.20","692.64","780.66","763.28","759.03","762.54","687.64","812.04","752.18","716.77","610.72","499.14","424.64","413.45"
"Madagascar","5.77","5.33","5.44","6.35","6.20","5.71","5.74","6.50","7.03","6.41","6.54","7.80","7.52","7.94","6.44","5.31","5.37","4.46","6.21","5.76","5.19","4.94"
"Malawi","6.57","6.72","5.10","4.74","4.82","4.26","3.87","2.92","2.67","3.36","3.55","3.74","4.02","3.42","2.95","1.88","1.58","1.56","1.50","1.69","1.39","1.49"
"Malaysia","156.24","142.11","154.15","152.54","133.22","127.13","124.96","137.35","128.68","122.83","116.73","97.24","78.82","93.38","80.70","69.41","61.49","55.39","48.94","42.06","40.99","45.57"
"Maldives","148.84","139.59","148.70","159.20","192.01","188.11","160.13","197.41","216.52","207.91","232.97","243.51","232.73","256.03","225.40","201.30","186.18","180.80","129.11","129.14","131.80","138.26"
"Mali","13.68","12.91","10.00","10.41","10.96","10.12","10.16","12.31","10.76","12.65","16.26","18.12","22.00","21.56","18.67","15.69","14.04","12.41","11.81","10.09","9.17","9.91"
"Malta","0.00","950.50","1004.69","944.33","898.83","815.59","834.49","895.57","641.04","609.28","650.00","572.56","544.47","577.74","496.05","436.77","398.16","344.79","309.73","238.69","203.51","170.66"
"Marshall Islands","8.32","8.19","8.68","8.04","7.72","6.94","6.59","6.56","6.67","6.25","5.98","5.61","5.50","5.82","5.60","5.21","5.25","4.92","4.65","4.63","4.26","4.08"
"Mauritania","29.55","27.51","27.23","27.17","26.27","26.27","27.41","28.27","27.79","27.17","27.72","27.18","27.70","29.57","25.89","23.43","22.27","21.60","19.62","17.64","17.42","17.36"
"Mauritius","242.36","239.42","306.40","309.08","286.01","259.83","255.50","273.18","234.05","199.86","204.74","186.77","175.97","193.33","127.82","107.46","95.21","80.18","71.45","59.41","51.01","51.02"
"Mexico","252.63","208.74","233.70","224.51","215.16","203.91","229.09","251.41","251.72","238.90","232.48","234.63","235.26","280.26","294.24","277.46","265.13","240.58","230.47","210.93","196.07","168.06"
"Micronesia (Federated States of)","10.43","10.61","11.00","10.18","10.13","9.50","9.45","9.01","9.63","10.70","11.42","11.70","12.22","11.89","11.59","12.39","12.80","11.27","10.27","9.23","8.75","7.81"
"Monaco","593.72","468.15","514.25","503.66","450.91","455.54","442.74","510.85","486.28","435.71","473.86","430.43","448.33","532.66","480.10","373.56","342.22","326.67","284.45","229.31","211.42","208.08"
"Mongolia","105.83","81.92","85.29","83.10","61.32","58.95","60.33","61.49","67.09","53.52","43.54","27.91","17.45","20.84","15.42","12.67","12.00","8.33","6.52","6.45","5.80","5.22"
"Montenegro","375.17","316.58","282.37","288.07","257.86","227.98","217.62","226.37","250.98","192.35","222.13","","","","","","","","","","",""
"Morocco","98.96","84.37","81.73","82.35","79.85","79.05","79.56","92.61","92.86","90.75","97.12","93.64","90.16","86.37","75.29","64.63","57.84","52.17","43.57","34.11","30.00","29.30"
"Mozambique","3.95","3.47","3.85","3.88","3.51","3.31","4.49","4.49","3.30","1.95","2.03","1.86","2.28","2.55","2.32","2.31","2.28","2.22","2.37","2.65","2.16","2.59"
"Myanmar","45.83","57.04","48.96","46.16","44.71","45.41","44.48","35.57","27.01","28.36","21.02","16.22","15.28","12.04","8.09","6.32","6.28","5.50","5.44","5.79","3.95","3.81"
"Namibia","35.22","27.88","34.18","38.17","37.07","33.18","36.33","42.13","48.96","60.82","58.64","48.44","32.79","28.52","26.98","24.57","23.25","22.52","18.43","11.92","13.45","14.21"
"Nauru","10.39","9.35","9.31","8.77","9.67","10.82","10.26","9.80","8.56","6.72","12.65","14.85","17.49","17.34","13.18","14.01","14.19","15.18","12.98","11.07","10.33","11.60"
"Nepal","33.47","31.59","30.60","29.09","28.30","26.21","27.85","25.40","22.50","19.01","20.08","16.76","12.09","11.67","10.48","5.82","6.97","6.67","5.96","5.44","5.26","4.65"
"Netherlands (Kingdom of the)","613.18","544.34","556.69","575.25","545.21","536.01","527.82","649.12","638.19","533.26","527.42","472.22","479.12","534.14","370.48","339.76","377.98","367.48","311.63","249.70","227.73","223.74"
"New Zealand","572.37","481.97","495.29","511.09","530.01","507.65","481.26","538.79","496.70","472.97","442.42","386.70","335.33","377.35","310.03","319.00","323.14","279.76","247.88","200.86","179.09","162.05"
"Nicaragua","61.04","52.02","53.81","55.86","59.95","58.61","57.08","53.93","50.58","49.22","46.36","43.23","42.35","43.80","38.63","32.65","28.26","27.07","23.53","25.79","22.83","22.93"
"Niger","14.60","15.18","14.39","14.73","13.86","13.12","13.30","13.61","13.82","13.72","14.25","12.96","13.10","13.00","11.18","9.87","9.52","8.35","7.60","6.39","5.78","5.40"
"Nigeria","63.92","52.10","49.82","49.90","56.32","58.82","69.22","76.25","71.51","66.33","62.10","58.11","50.65","58.28","49.05","46.31","35.58","28.51","28.45","11.75","11.23","10.62"
"Niue","11.31","11.96","11.42","11.35","9.93","9.38","9.34","16.77","16.67","16.89","16.40","14.41","11.73","11.76","11.21","9.71","9.03","7.95","7.05","5.95","4.80","4.50"
"North Macedonia","233.87","176.08","164.71","159.76","141.56","114.06","103.73","118.71","116.58","108.21","116.73","114.07","102.19","99.71","98.08","90.11","95.28","98.62","94.31","73.94","64.16","69.12"
"Norway","1267.82","1070.80","1114.51","1155.47","1134.22","1069.86","1069.98","1311.08","1348.69","1327.58","1353.73","1182.58","1113.88","1216.24","1108.27","969.55","933.43","854.42","768.95","654.50","525.49","529.08"
"Oman","52.29","44.54","43.41","41.54","41.79","39.66","40.60","41.23","41.15","57.67","58.57","58.11","58.37","57.55","44.15","38.55","33.72","33.28","29.86","27.05","28.45","29.95"
"Pakistan","24.78","21.17","20.95","23.37","25.19","23.43","22.61","21.68","18.23","16.11","16.81","16.43","16.08","17.38","19.03","17.99","12.98","9.47","8.69","7.63","7.49","8.84"
"Palau","306.40","308.79","284.18","298.55","300.60","292.05","267.89","231.40","221.93","203.99","196.73","192.02","184.39","170.08","161.44","149.98","134.03","118.68","113.68","110.88","105.63","106.18"
"Panama","528.33","537.79","504.15","438.48","359.91","345.75","324.68","292.58","260.34","252.49","227.48","191.23","163.94","148.29","141.68","123.81","115.91","111.70","100.59","100.88","94.91","92.61"
"Papua New Guinea","6.36","5.87","5.75","5.71","5.01","5.52","5.63","5.34","5.08","6.52","6.47","4.87","3.82","3.04","2.60","2.45","2.27","2.19","1.94","1.81","1.62","1.79"
"Paraguay","172.04","155.63","174.54","184.76","177.52","165.01","171.82","195.01","185.40","170.10","168.08","138.63","120.09","132.83","92.94","69.09","54.84","49.92","38.51","36.31","47.90","51.07"
"Peru","112.18","88.45","103.12","106.88","95.41","91.36","92.87","104.71","112.40","119.44","106.07","94.93","83.93","82.73","67.29","54.80","41.86","38.53","36.44","38.94","36.26","33.62"
"Philippines","90.64","74.18","69.39","63.71","61.12","60.67","59.34","56.94","70.07","65.08","57.63","49.89","43.82","44.17","36.58","29.64","24.28","16.35","15.40","13.07","12.59","13.51"
"Poland","235.41","205.55","207.32","203.52","209.72","187.75","187.43","209.70","209.00","197.87","207.55","193.12","186.25","218.09","176.27","143.16","130.63","116.80","95.19","84.21","82.56","74.56"
"Portugal","796.22","657.41","680.01","663.06","593.19","551.91","528.83","604.27","584.70","585.75","601.31","558.24","589.06","631.33","547.28","474.16","429.64","405.17","341.95","264.11","254.99","255.95"
"Qatar","126.83","117.84","133.21","132.24","131.32","130.33","129.47","127.86","140.06","186.55","251.25","244.66","253.01","239.85","239.09","246.71","250.88","232.72","205.64","183.51","163.93","165.87"
"Republic of Korea","948.75","767.65","823.79","826.74","742.56","683.85","652.93","653.62","587.37","548.80","526.62","474.64","381.63","421.91","430.41","388.18","344.46","271.88","245.70","205.67","198.00","205.80"
"Republic of Moldova","120.64","94.84","101.48","110.85","106.44","79.24","86.11","88.50","98.63","94.41","96.30","80.17","95.05","89.85","61.08","46.50","33.93","24.66","18.57","15.78","13.19","10.09"
"Romania","201.68","154.03","139.42","133.70","113.73","98.84","94.12","102.25","99.92","90.09","103.56","92.70","93.40","94.79","73.04","58.17","47.09","46.41","21.71","17.22","14.93","13.57"
"Russian Federation","254.67","203.85","239.19","233.45","234.85","188.43","192.90","264.96","281.84","253.48","233.98","200.31","178.60","192.40","145.29","109.79","86.74","70.59","54.67","43.82","36.27","28.74"
"Rwanda","6.10","5.95","6.20","6.12","5.71","5.76","5.94","6.11","5.87","5.82","5.57","5.32","5.02","4.72","4.20","3.89","5.97","4.31","2.96","2.09","2.19","2.42"
"Saint Kitts and Nevis","432.91","443.40","558.43","544.76","623.40","628.31","586.03","509.24","522.25","480.59","503.73","473.01","473.47","497.60","359.32","342.81","265.60","225.49","243.21","237.54","223.72","234.02"
"Saint Lucia","217.62","204.82","210.57","223.25","231.79","217.03","226.57","240.46","248.46","232.23","253.81","239.95","248.38","256.73","281.45","229.06","186.66","177.75","189.14","170.44","161.77","167.33"
"Saint Vincent and the Grenadines","117.43","108.15","103.76","109.38","107.72","103.75","101.98","102.40","96.99","95.76","90.72","91.42","88.84","88.78","88.07","73.72","66.55","61.84","54.23","49.89","46.56","40.80"
"Samoa","29.53","27.39","26.83","25.75","26.25","26.65","24.40","27.15","27.18","27.20","25.85","23.23","21.48","22.20","19.19","16.97","15.70","13.44","11.68","9.52","7.78","7.14"
"San Marino","489.87","394.10","432.46","445.90","459.16","452.12","484.90","498.41","454.61","493.50","506.56","507.47","786.97","834.43","735.42","660.79","647.05","659.02","579.87","557.96","533.50","556.73"
"Sao Tome and Principe","21.69","18.83","18.06","17.13","17.19","15.20","13.62","17.79","17.69","15.32","16.49","15.63","17.76","19.50","21.08","22.81","26.75","25.07","22.74","21.22","20.58","21.81"
"Saudi Arabia","146.45","136.68","145.94","205.27","180.64","179.77","172.36","161.68","152.08","145.47","129.08","124.11","118.61","109.02","93.89","82.62","75.84","71.14","66.58","65.71","67.08","68.39"
"Senegal","33.70","31.92","32.05","31.79","28.20","28.09","27.56","31.34","33.71","30.06","29.62","25.22","23.20","20.72","18.30","14.63","14.57","23.71","19.84","15.05","12.72","12.25"
"Serbia","328.70","241.56","237.59","236.41","209.64","196.78","199.39","243.21","237.63","198.38","225.31","198.52","202.29","236.15","189.96","122.00","91.71","74.91","57.47","41.29","31.96","16.73"
"Seychelles","157.90","158.17","189.99","193.21","181.21","186.15","171.11","194.56","117.57","122.74","120.98","112.84","105.11","129.20","92.12","107.85","108.80","95.74","75.32","57.61","95.43","63.34"
"Sierra Leone","22.19","24.09","24.46","26.27","24.82","35.39","40.64","48.45","51.40","33.96","28.88","20.57","24.84","25.80","22.30","19.25","17.74","16.24","16.60","15.74","14.52","14.62"
"Singapore","893.22","822.53","803.64","767.90","834.59","800.52","754.02","728.67","748.41","687.18","659.97","616.65","570.03","593.96","533.63","474.77","446.17","432.84","403.83","395.01","383.10","381.78"
"Slovakia","326.87","261.33","257.13","245.78","222.51","210.29","204.52","232.18","319.62","306.55","318.79","295.62","295.94","263.10","281.72","193.83","141.97","108.62","42.07","28.00","23.14","22.06"
"Slovenia","357.90","301.53","258.78","259.95","237.32","220.29","221.96","267.77","255.99","246.07","261.96","254.97","271.58","275.48","244.81","189.29","188.68","166.55","150.22","118.63","106.61","105.74"
"Solomon Islands","3.87","3.73","3.82","3.42","2.99","2.97","2.94","3.17","3.21","3.08","3.08","2.99","2.51","2.76","2.58","2.32","1.94","1.73","1.58","2.01","2.85","2.54"
"South Africa","32.14","26.52","31.59","33.27","31.32","26.81","28.65","31.03","45.86","50.52","53.80","50.22","39.98","39.52","44.64","44.68","45.75","43.30","35.55","24.52","28.85","34.39"
"South Sudan","8.96","18.91","14.81","7.79","5.18","","","","","","","","","","","","","","","","",""
"Spain","679.10","571.93","593.13","609.80","561.63","521.90","523.78","619.89","598.85","564.86","593.19","566.03","558.66","618.23","540.36","471.41","448.42","426.39","368.50","288.94","259.72","244.53"
"Sri Lanka","72.52","69.10","72.95","74.66","71.99","74.49","71.91","65.60","65.86","57.56","59.59","56.57","52.52","46.35","32.68","26.54","23.06","20.78","15.87","17.29","16.97","17.51"
"Sudan","12.27","12.36","23.93","23.79","51.61","66.68","78.01","62.44","76.60","51.83","55.09","46.90","43.61","53.66","49.29","32.16","21.15","17.52","14.78","10.73","9.88","9.03"
"Suriname","74.23","97.98","106.19","82.95","85.83","74.66","113.82","129.08","122.20","115.74","102.86","94.89","84.04","81.67","60.64","57.05","50.73","44.27","39.51","36.47","25.03","25.57"
"Sweden","902.94","770.29","775.21","838.24","822.34","823.24","834.36","985.53","999.92","926.28","924.40","723.30","678.47","755.48","704.17","622.86","590.17","567.94","493.96","405.99","363.91","314.30"
"Switzerland","2474.43","2309.21","2220.56","2187.74","2134.69","2114.99","2174.46","2265.52","2259.28","2189.55","2296.75","1954.73","1912.01","1886.82","1682.29","1551.26","1540.14","1612.91","1436.43","1223.49","1133.52","1104.99"
"Syrian Arab Republic","","","","","","","","","","33.90","39.95","47.89","47.48","44.08","37.59","33.12","31.08","31.63","31.36","34.48","34.22","35.10"
"Turkiye","71.77","64.94","67.75","67.81","76.03","75.73","75.72","92.15","92.54","82.83","83.64","89.92","71.66","108.12","120.95","97.40","87.19","59.76","44.66","37.45","35.51","56.28"
"Tajikistan","46.66","45.42","43.99","40.82","36.55","36.83","39.83","45.98","42.28","36.69","30.71","29.90","27.18","28.41","20.21","13.79","11.48","10.49","8.03","6.42","5.79","4.68"
"Thailand","32.96","32.16","25.07","27.87","29.36","24.94","26.19","27.58","26.16","27.18","25.05","24.56","23.91","22.01","18.61","18.30","25.07","21.94","20.71","19.45","19.44","21.25"
"Timor-Leste","7.95","8.08","8.31","8.02","7.24","7.35","7.46","7.34","7.15","6.77","6.38","6.06","4.41","4.99","5.49","6.03","8.36","6.87","6.15","","",""
"Togo","37.36","34.85","33.21","34.80","32.51","32.84","21.52","24.65","23.47","21.50","21.92","19.49","18.95","18.26","15.32","12.38","12.24","11.91","11.29","9.45","8.47","8.62"
"Tonga","11.84","11.46","12.41","12.38","11.31","10.33","11.30","12.84","13.84","14.36","14.89","14.16","13.54","14.27","13.24","11.82","11.53","10.25","8.70","7.76","6.67","7.74"
"Trinidad and Tobago","517.32","492.37","502.86","473.99","432.11","448.85","429.19","424.14","411.00","392.54","384.33","377.82","363.15","345.90","324.27","276.81","242.23","225.73","172.31","167.84","138.59","151.21"
"Tunisia","89.57","82.45","74.54","89.03","89.47","94.29","97.64","107.83","109.63","109.13","111.06","100.17","97.16","97.37","85.59","75.32","70.62","68.60","60.18","49.50","44.41","42.33"
"Turkmenistan","444.06","372.35","376.25","351.21","339.88","310.87","277.89","288.20","242.73","210.09","184.16","152.07","132.81","194.04","188.54","277.65","247.97","224.91","130.16","79.48","74.68","37.88"
"Tuvalu","3.80","3.43","3.34","2.94","3.36","3.70","1.17","3.72","3.89","4.00","4.10","3.07","2.73","3.75","3.07","2.21","3.08","3.23","3.45","2.59","1.86","0.36"
"Uganda","13.58","12.54","12.78","11.75","11.99","15.89","15.85","20.49","22.54","20.69","18.26","19.43","19.03","21.14","19.69","17.09","12.58","7.14","6.46","6.93","6.94","7.06"
"Ukraine","170.50","129.09","126.22","112.19","91.91","76.05","75.98","102.41","135.28","121.06","113.16","84.89","63.10","81.72","67.86","53.63","44.14","34.99","28.26","23.86","21.12","16.99"
"United Arab Emirates","245.45","245.71","253.78","243.12","197.08","255.77","256.05","294.95","274.76","247.86","253.40","237.82","206.85","332.29","325.38","313.24","295.03","277.14","236.93","230.32","112.10","166.30"
"United Kingdom of Great Britain and Northern Ireland","775.40","665.14","709.10","695.67","614.34","618.21","682.47","718.50","659.02","639.66","622.38","587.02","572.01","593.89","589.58","528.27","483.09","500.02","453.40","335.81","331.87","355.64"
"United Republic of Tanzania","9.50","9.16","8.67","8.51","8.25","7.94","8.50","10.26","10.38","10.28","10.46","11.77","11.57","11.73","10.25","9.11","9.28","8.71","8.11","7.20","6.17","4.72"
"United States of America","1285.33","1167.73","1205.28","1164.60","1130.69","1118.35","1089.02","1058.31","1036.29","1020.67","988.27","968.78","961.57","981.58","969.79","927.26","891.00","845.10","807.77","759.99","703.68","685.40"
"Uruguay","250.14","239.69","259.30","275.71","273.18","239.12","238.64","253.02","265.53","246.09","239.39","211.41","169.67","171.08","133.76","117.83","114.40","90.49","81.20","93.90","162.17","174.58"
"Uzbekistan","94.81","64.00","56.87","49.68","52.75","70.58","63.78","53.39","78.24","71.37","63.40","53.48","40.27","34.84","27.03","21.42","18.58","16.56","15.08","15.11","18.42","21.52"
"Vanuatu","9.76","10.09","8.24","8.75","9.06","8.92","8.73","9.23","9.17","9.16","9.36","8.53","7.20","7.11","6.63","5.97","5.88","5.72","5.12","4.50","4.83","4.87"
"Venezuela (Bolivarian Republic of)","44.92","44.23","38.65","61.01","","","","","","","","","","","","","","","","","",""
"Viet Nam","69.04","65.88","78.35","73.22","63.59","55.60","51.52","49.24","43.44","44.67","33.71","29.61","24.18","22.17","18.61","15.92","13.17","10.82","8.39","7.38","7.41","7.12"
"Yemen","","","","","","","51.25","57.63","55.42","50.22","44.41","47.70","46.46","45.61","38.50","31.65","26.50","22.31","18.23","12.27","11.36","10.50"
"Zambia","5.33","4.90","6.21","7.23","7.62","6.78","7.10","9.13","9.86","8.84","7.94","8.65","8.84","12.79","12.84","15.28","11.90","9.44","7.71","6.68","7.45","6.83"
"Zimbabwe","6.43","5.27","4.98","10.08","9.73","25.44","27.10","28.42","29.80","31.21","32.57","33.83","","","","","","","","","",""
